{
  "MessageData": null,
  "Message": "Ok",
  "ErrorStatus": "Success",
  "ThrottleSeconds": 0,
  "ErrorCode": 1,
  "Response": {
    "data": {
      "currencies": null,
      "canPurchase": false,
      "saleItemCategories": [
        {
          "saleItems": [
            {
              "failureIndexes": [],
              "unlockStatuses": [],
              "requiredUnlockFlags": [],
              "costs": [
                {
                  "value": 23,
                  "itemHash": 1738186005
                }
              ],
              "itemStatus": 0,
              "vendorItemIndex": 294,
              "item": {
                "state": 0,
                "objectives": [],
                "lockable": false,
                "locked": false,
                "transferStatus": 0,
                "location": 3,
                "perks": [],
                "isGridComplete": false,
                "isEquipment": false,
                "artRegions": null,
                "useCustomDyes": false,
                "nodes": [],
                "talentGridHash": 0,
                "damageTypeStepIndex": -1,
                "damageTypeNodeIndex": -1,
                "damageTypeHash": 0,
                "damageType": 0,
                "cannotEquipReason": 0,
                "unlockFlagHashRequiredToEquip": 0,
                "equipRequiredLevel": 0,
                "canEquip": true,
                "stats": [],
                "qualityLevel": 0,
                "stackSize": 1,
                "itemLevel": 0,
                "itemInstanceId": "0",
                "isEquipped": false,
                "bindStatus": 0,
                "itemHash": 1880070441
              }
            },
            {
              "failureIndexes": [],
              "unlockStatuses": [],
              "requiredUnlockFlags": [],
              "costs": [
                {
                  "value": 23,
                  "itemHash": 1738186005
                }
              ],
              "itemStatus": 0,
              "vendorItemIndex": 295,
              "item": {
                "state": 0,
                "objectives": [],
                "lockable": false,
                "locked": false,
                "transferStatus": 0,
                "location": 3,
                "perks": [],
                "isGridComplete": false,
                "isEquipment": false,
                "artRegions": null,
                "useCustomDyes": false,
                "nodes": [],
                "talentGridHash": 0,
                "damageTypeStepIndex": -1,
                "damageTypeNodeIndex": -1,
                "damageTypeHash": 0,
                "damageType": 0,
                "cannotEquipReason": 0,
                "unlockFlagHashRequiredToEquip": 0,
                "equipRequiredLevel": 0,
                "canEquip": true,
                "stats": [],
                "qualityLevel": 0,
                "stackSize": 1,
                "itemLevel": 0,
                "itemInstanceId": "0",
                "isEquipped": false,
                "bindStatus": 0,
                "itemHash": 1880070440
              }
            },
            {
              "failureIndexes": [],
              "unlockStatuses": [],
              "requiredUnlockFlags": [],
              "costs": [
                {
                  "value": 1,
                  "itemHash": 1738186005
                }
              ],
              "itemStatus": 0,
              "vendorItemIndex": 298,
              "item": {
                "state": 0,
                "objectives": [],
                "lockable": false,
                "locked": false,
                "transferStatus": 0,
                "location": 3,
                "perks": [],
                "isGridComplete": false,
                "isEquipment": false,
                "artRegions": null,
                "useCustomDyes": false,
                "nodes": [],
                "talentGridHash": 0,
                "damageTypeStepIndex": -1,
                "damageTypeNodeIndex": -1,
                "damageTypeHash": 0,
                "damageType": 0,
                "cannotEquipReason": 0,
                "unlockFlagHashRequiredToEquip": 0,
                "equipRequiredLevel": 0,
                "canEquip": true,
                "stats": [],
                "qualityLevel": 0,
                "stackSize": 3,
                "itemLevel": 0,
                "itemInstanceId": "0",
                "isEquipped": false,
                "bindStatus": 0,
                "itemHash": 211861343
              }
            },
            {
              "failureIndexes": [],
              "unlockStatuses": [],
              "requiredUnlockFlags": [],
              "costs": [
                {
                  "value": 7,
                  "itemHash": 1738186005
                }
              ],
              "itemStatus": 0,
              "vendorItemIndex": 448,
              "item": {
                "state": 0,
                "objectives": [],
                "lockable": false,
                "locked": false,
                "transferStatus": 0,
                "location": 3,
                "perks": [],
                "isGridComplete": false,
                "isEquipment": false,
                "artRegions": null,
                "useCustomDyes": false,
                "nodes": [],
                "talentGridHash": 0,
                "damageTypeStepIndex": -1,
                "damageTypeNodeIndex": -1,
                "damageTypeHash": 0,
                "damageType": 0,
                "cannotEquipReason": 0,
                "unlockFlagHashRequiredToEquip": 0,
                "equipRequiredLevel": 0,
                "canEquip": true,
                "stats": [],
                "qualityLevel": 0,
                "stackSize": 5,
                "itemLevel": 0,
                "itemInstanceId": "0",
                "isEquipped": false,
                "bindStatus": 0,
                "itemHash": 417308266
              }
            },
            {
              "failureIndexes": [],
              "unlockStatuses": [],
              "requiredUnlockFlags": [],
              "costs": [
                {
                  "value": 3,
                  "itemHash": 1738186005
                },
                {
                  "value": 3,
                  "itemHash": 937555249
                },
                {
                  "value": 1,
                  "itemHash": 452597397
                }
              ],
              "itemStatus": 0,
              "vendorItemIndex": 449,
              "item": {
                "state": 0,
                "objectives": [],
                "lockable": false,
                "locked": false,
                "transferStatus": 0,
                "location": 3,
                "perks": [],
                "isGridComplete": false,
                "isEquipment": false,
                "artRegions": null,
                "useCustomDyes": false,
                "nodes": [],
                "talentGridHash": 0,
                "damageTypeStepIndex": -1,
                "damageTypeNodeIndex": -1,
                "damageTypeHash": 0,
                "damageType": 0,
                "cannotEquipReason": 0,
                "unlockFlagHashRequiredToEquip": 0,
                "equipRequiredLevel": 0,
                "canEquip": true,
                "stats": [],
                "qualityLevel": 0,
                "stackSize": 3,
                "itemLevel": 0,
                "itemInstanceId": "0",
                "isEquipped": false,
                "bindStatus": 0,
                "itemHash": 2633085824
              }
            }
          ],
          "categoryTitle": "Curios"
        },
        {
          "saleItems": [
            {
              "failureIndexes": [],
              "unlockStatuses": [],
              "requiredUnlockFlags": [],
              "costs": [
                {
                  "value": 2,
                  "itemHash": 1738186005
                }
              ],
              "itemStatus": 0,
              "vendorItemIndex": 299,
              "item": {
                "state": 0,
                "objectives": [],
                "lockable": false,
                "locked": false,
                "transferStatus": 0,
                "location": 3,
                "perks": [],
                "isGridComplete": false,
                "isEquipment": false,
                "artRegions": null,
                "useCustomDyes": false,
                "nodes": [],
                "talentGridHash": 0,
                "damageTypeStepIndex": -1,
                "damageTypeNodeIndex": -1,
                "damageTypeHash": 0,
                "damageType": 0,
                "cannotEquipReason": 0,
                "unlockFlagHashRequiredToEquip": 0,
                "equipRequiredLevel": 0,
                "canEquip": true,
                "stats": [],
                "qualityLevel": 0,
                "stackSize": 1,
                "itemLevel": 0,
                "itemInstanceId": "0",
                "isEquipped": false,
                "bindStatus": 0,
                "itemHash": 937555249
              }
            }
          ],
          "categoryTitle": "Material Exchange"
        },
        {
          "saleItems": [
            {
              "failureIndexes": [],
              "unlockStatuses": [],
              "requiredUnlockFlags": [],
              "costs": [
                {
                  "value": 13,
                  "itemHash": 1738186005
                }
              ],
              "itemStatus": 0,
              "vendorItemIndex": 309,
              "item": {
                "state": 0,
                "objectives": [],
                "lockable": false,
                "locked": false,
                "transferStatus": 0,
                "location": 3,
                "perks": [
                  {
                    "isActive": true,
                    "perkHash": 1190369844,
                    "iconPath": "\/common\/destiny_content\/icons\/7d17c4970d2f2280a5c1a0571a5df7d9.png"
                  },
                  {
                    "isActive": false,
                    "perkHash": 1577779520,
                    "iconPath": "\/common\/destiny_content\/icons\/62e920cb226ca19e2406c5c9a2466a10.png"
                  },
                  {
                    "isActive": false,
                    "perkHash": 709737102,
                    "iconPath": "\/common\/destiny_content\/icons\/602de0f76af21b83ec6bbe64860839ff.png"
                  },
                  {
                    "isActive": false,
                    "perkHash": 3795565363,
                    "iconPath": "\/common\/destiny_content\/icons\/6152a3044096265f88d49c6de8eaca85.png"
                  },
                  {
                    "isActive": false,
                    "perkHash": 3944665868,
                    "iconPath": "\/common\/destiny_content\/icons\/23615c1579a3cebc0e99fc4c704ec52c.png"
                  }
                ],
                "isGridComplete": false,
                "isEquipment": true,
                "artRegions": null,
                "useCustomDyes": false,
                "nodes": [
                  {
                    "nodeHash": 0,
                    "hidden": false,
                    "state": 10,
                    "stepIndex": 0,
                    "isActivated": true
                  },
                  {
                    "nodeHash": 1,
                    "hidden": false,
                    "state": 0,
                    "stepIndex": 1,
                    "isActivated": false
                  },
                  {
                    "nodeHash": 2,
                    "hidden": false,
                    "state": 0,
                    "stepIndex": 1,
                    "isActivated": false
                  },
                  {
                    "nodeHash": 3,
                    "hidden": false,
                    "state": 0,
                    "stepIndex": 0,
                    "isActivated": false
                  },
                  {
                    "nodeHash": 4,
                    "hidden": false,
                    "state": 0,
                    "stepIndex": 0,
                    "isActivated": false
                  },
                  {
                    "nodeHash": 5,
                    "hidden": true,
                    "state": 0,
                    "stepIndex": 2,
                    "isActivated": true
                  },
                  {
                    "nodeHash": 6,
                    "hidden": false,
                    "state": 0,
                    "stepIndex": 2,
                    "isActivated": false
                  },
                  {
                    "nodeHash": 7,
                    "hidden": false,
                    "state": 0,
                    "stepIndex": 2,
                    "isActivated": false
                  },
                  {
                    "nodeHash": 8,
                    "hidden": false,
                    "state": 0,
                    "stepIndex": 0,
                    "isActivated": true
                  },
                  {
                    "nodeHash": 9,
                    "hidden": false,
                    "state": 0,
                    "stepIndex": 0,
                    "isActivated": true
                  }
                ],
                "talentGridHash": 2456397967,
                "progression": {
                  "progressionHash": 2043912351,
                  "nextLevelAt": 0,
                  "progressToNextLevel": 0,
                  "step": 0,
                  "level": 0,
                  "currentProgress": 0,
                  "weeklyProgress": 0,
                  "dailyProgress": 0
                },
                "damageTypeStepIndex": -1,
                "damageTypeNodeIndex": -1,
                "damageTypeHash": 0,
                "damageType": 0,
                "cannotEquipReason": 0,
                "unlockFlagHashRequiredToEquip": 2166136261,
                "equipRequiredLevel": 40,
                "canEquip": true,
                "primaryStat": {
                  "maximumValue": 0,
                  "value": 280,
                  "statHash": 3897883278
                },
                "stats": [
                  {
                    "maximumValue": 0,
                    "value": 84,
                    "statHash": 144602215
                  },
                  {
                    "maximumValue": 0,
                    "value": 0,
                    "statHash": 1735777505
                  },
                  {
                    "maximumValue": 0,
                    "value": 0,
                    "statHash": 4244567218
                  }
                ],
                "qualityLevel": 0,
                "stackSize": 1,
                "itemLevel": 48,
                "itemInstanceId": "0",
                "isEquipped": false,
                "bindStatus": 0,
                "itemHash": 2661471738
              }
            },
            {
              "failureIndexes": [],
              "unlockStatuses": [],
              "requiredUnlockFlags": [],
              "costs": [
                {
                  "value": 13,
                  "itemHash": 1738186005
                }
              ],
              "itemStatus": 0,
              "vendorItemIndex": 325,
              "item": {
                "state": 0,
                "objectives": [],
                "lockable": false,
                "locked": false,
                "transferStatus": 0,
                "location": 3,
                "perks": [
                  {
                    "isActive": true,
                    "perkHash": 3752818343,
                    "iconPath": "\/common\/destiny_content\/icons\/8c7ef0db8d722aa55186d248b156c97a.png"
                  },
                  {
                    "isActive": false,
                    "perkHash": 632126377,
                    "iconPath": "\/common\/destiny_content\/icons\/725eab8f9813088bb9cdcabc0f70382b.png"
                  },
                  {
                    "isActive": false,
                    "perkHash": 3241361759,
                    "iconPath": "\/common\/destiny_content\/icons\/e6c4e11fa6e8efc6d92a2f7f2062ac56.png"
                  },
                  {
                    "isActive": false,
                    "perkHash": 4111868508,
                    "iconPath": "\/common\/destiny_content\/icons\/050d5d39f833c4f39f0db368d0859bcc.png"
                  },
                  {
                    "isActive": false,
                    "perkHash": 3649859369,
                    "iconPath": "\/common\/destiny_content\/icons\/0679c43c08ba7d8ef060cee3130b5a63.png"
                  }
                ],
                "isGridComplete": false,
                "isEquipment": true,
                "artRegions": null,
                "useCustomDyes": false,
                "nodes": [
                  {
                    "nodeHash": 0,
                    "hidden": true,
                    "state": 0,
                    "stepIndex": 0,
                    "isActivated": true
                  },
                  {
                    "nodeHash": 1,
                    "hidden": false,
                    "state": 10,
                    "stepIndex": 0,
                    "isActivated": true
                  },
                  {
                    "nodeHash": 2,
                    "hidden": false,
                    "state": 0,
                    "stepIndex": 0,
                    "isActivated": false
                  },
                  {
                    "nodeHash": 3,
                    "hidden": false,
                    "state": 0,
                    "stepIndex": 3,
                    "isActivated": false
                  },
                  {
                    "nodeHash": 4,
                    "hidden": false,
                    "state": 0,
                    "stepIndex": 3,
                    "isActivated": false
                  },
                  {
                    "nodeHash": 5,
                    "hidden": false,
                    "state": 0,
                    "stepIndex": 1,
                    "isActivated": false
                  },
                  {
                    "nodeHash": 6,
                    "hidden": false,
                    "state": 0,
                    "stepIndex": 0,
                    "isActivated": false
                  },
                  {
                    "nodeHash": 7,
                    "hidden": false,
                    "state": 0,
                    "stepIndex": 0,
                    "isActivated": false
                  },
                  {
                    "nodeHash": 8,
                    "hidden": false,
                    "state": 0,
                    "stepIndex": 0,
                    "isActivated": true
                  },
                  {
                    "nodeHash": 9,
                    "hidden": false,
                    "state": 0,
                    "stepIndex": 0,
                    "isActivated": true
                  }
                ],
                "talentGridHash": 856096650,
                "progression": {
                  "progressionHash": 2043912351,
                  "nextLevelAt": 0,
                  "progressToNextLevel": 0,
                  "step": 0,
                  "level": 0,
                  "currentProgress": 0,
                  "weeklyProgress": 0,
                  "dailyProgress": 0
                },
                "damageTypeStepIndex": -1,
                "damageTypeNodeIndex": -1,
                "damageTypeHash": 0,
                "damageType": 0,
                "cannotEquipReason": 0,
                "unlockFlagHashRequiredToEquip": 201769094,
                "equipRequiredLevel": 40,
                "canEquip": true,
                "primaryStat": {
                  "maximumValue": 0,
                  "value": 280,
                  "statHash": 3897883278
                },
                "stats": [
                  {
                    "maximumValue": 0,
                    "value": 0,
                    "statHash": 144602215
                  },
                  {
                    "maximumValue": 0,
                    "value": 27,
                    "statHash": 1735777505
                  },
                  {
                    "maximumValue": 0,
                    "value": 32,
                    "statHash": 4244567218
                  }
                ],
                "qualityLevel": 0,
                "stackSize": 1,
                "itemLevel": 48,
                "itemInstanceId": "0",
                "isEquipped": false,
                "bindStatus": 0,
                "itemHash": 1458254033
              }
            },
            {
              "failureIndexes": [],
              "unlockStatuses": [],
              "requiredUnlockFlags": [],
              "costs": [
                {
                  "value": 13,
                  "itemHash": 1738186005
                }
              ],
              "itemStatus": 0,
              "vendorItemIndex": 336,
              "item": {
                "state": 0,
                "objectives": [],
                "lockable": false,
                "locked": false,
                "transferStatus": 0,
                "location": 3,
                "perks": [
                  {
                    "isActive": true,
                    "perkHash": 1506633456,
                    "iconPath": "\/common\/destiny_content\/icons\/de4c30f14b58fcb50a8bb509a2b5170a.png"
                  },
                  {
                    "isActive": false,
                    "perkHash": 632126377,
                    "iconPath": "\/common\/destiny_content\/icons\/725eab8f9813088bb9cdcabc0f70382b.png"
                  },
                  {
                    "isActive": false,
                    "perkHash": 3649859369,
                    "iconPath": "\/common\/destiny_content\/icons\/0679c43c08ba7d8ef060cee3130b5a63.png"
                  },
                  {
                    "isActive": false,
                    "perkHash": 3241361759,
                    "iconPath": "\/common\/destiny_content\/icons\/e6c4e11fa6e8efc6d92a2f7f2062ac56.png"
                  },
                  {
                    "isActive": false,
                    "perkHash": 4090945472,
                    "iconPath": "\/common\/destiny_content\/icons\/583a3762bd60a291a0f1752ed01d6108.png"
                  }
                ],
                "isGridComplete": false,
                "isEquipment": true,
                "artRegions": null,
                "useCustomDyes": false,
                "nodes": [
                  {
                    "nodeHash": 0,
                    "hidden": false,
                    "state": 10,
                    "stepIndex": 0,
                    "isActivated": true
                  },
                  {
                    "nodeHash": 1,
                    "hidden": false,
                    "state": 0,
                    "stepIndex": 0,
                    "isActivated": false
                  },
                  {
                    "nodeHash": 2,
                    "hidden": false,
                    "state": 0,
                    "stepIndex": 1,
                    "isActivated": false
                  },
                  {
                    "nodeHash": 3,
                    "hidden": false,
                    "state": 0,
                    "stepIndex": 3,
                    "isActivated": false
                  },
                  {
                    "nodeHash": 4,
                    "hidden": false,
                    "state": 0,
                    "stepIndex": 2,
                    "isActivated": false
                  },
                  {
                    "nodeHash": 5,
                    "hidden": true,
                    "state": 0,
                    "stepIndex": 2,
                    "isActivated": true
                  },
                  {
                    "nodeHash": 6,
                    "hidden": false,
                    "state": 0,
                    "stepIndex": 2,
                    "isActivated": false
                  },
                  {
                    "nodeHash": 7,
                    "hidden": false,
                    "state": 0,
                    "stepIndex": 2,
                    "isActivated": false
                  },
                  {
                    "nodeHash": 8,
                    "hidden": false,
                    "state": 0,
                    "stepIndex": 0,
                    "isActivated": true
                  },
                  {
                    "nodeHash": 9,
                    "hidden": false,
                    "state": 0,
                    "stepIndex": 0,
                    "isActivated": true
                  }
                ],
                "talentGridHash": 2796234825,
                "progression": {
                  "progressionHash": 2043912351,
                  "nextLevelAt": 0,
                  "progressToNextLevel": 0,
                  "step": 0,
                  "level": 0,
                  "currentProgress": 0,
                  "weeklyProgress": 0,
                  "dailyProgress": 0
                },
                "damageTypeStepIndex": -1,
                "damageTypeNodeIndex": -1,
                "damageTypeHash": 0,
                "damageType": 0,
                "cannotEquipReason": 0,
                "unlockFlagHashRequiredToEquip": 1368285237,
                "equipRequiredLevel": 40,
                "canEquip": true,
                "primaryStat": {
                  "maximumValue": 0,
                  "value": 280,
                  "statHash": 3897883278
                },
                "stats": [
                  {
                    "maximumValue": 0,
                    "value": 0,
                    "statHash": 144602215
                  },
                  {
                    "maximumValue": 0,
                    "value": 0,
                    "statHash": 1735777505
                  },
                  {
                    "maximumValue": 0,
                    "value": 53,
                    "statHash": 4244567218
                  }
                ],
                "qualityLevel": 0,
                "stackSize": 1,
                "itemLevel": 48,
                "itemInstanceId": "0",
                "isEquipped": false,
                "bindStatus": 0,
                "itemHash": 1062853750
              }
            },
            {
              "failureIndexes": [],
              "unlockStatuses": [],
              "requiredUnlockFlags": [],
              "costs": [
                {
                  "value": 19,
                  "itemHash": 1738186005
                }
              ],
              "itemStatus": 0,
              "vendorItemIndex": 382,
              "item": {
                "state": 0,
                "objectives": [],
                "lockable": false,
                "locked": false,
                "transferStatus": 0,
                "location": 3,
                "perks": [],
                "isGridComplete": false,
                "isEquipment": false,
                "artRegions": null,
                "useCustomDyes": false,
                "nodes": [],
                "talentGridHash": 0,
                "damageTypeStepIndex": -1,
                "damageTypeNodeIndex": -1,
                "damageTypeHash": 0,
                "damageType": 0,
                "cannotEquipReason": 0,
                "unlockFlagHashRequiredToEquip": 0,
                "equipRequiredLevel": 0,
                "canEquip": true,
                "stats": [],
                "qualityLevel": 0,
                "stackSize": 1,
                "itemLevel": 0,
                "itemInstanceId": "0",
                "isEquipped": false,
                "bindStatus": 0,
                "itemHash": 504918462
              }
            },
            {
              "failureIndexes": [],
              "unlockStatuses": [],
              "requiredUnlockFlags": [],
              "costs": [
                {
                  "value": 29,
                  "itemHash": 1738186005
                }
              ],
              "itemStatus": 0,
              "vendorItemIndex": 383,
              "item": {
                "state": 0,
                "objectives": [],
                "lockable": false,
                "locked": false,
                "transferStatus": 0,
                "location": 3,
                "perks": [],
                "isGridComplete": false,
                "isEquipment": false,
                "artRegions": null,
                "useCustomDyes": false,
                "nodes": [],
                "talentGridHash": 0,
                "damageTypeStepIndex": -1,
                "damageTypeNodeIndex": -1,
                "damageTypeHash": 0,
                "damageType": 0,
                "cannotEquipReason": 0,
                "unlockFlagHashRequiredToEquip": 0,
                "equipRequiredLevel": 0,
                "canEquip": true,
                "stats": [],
                "qualityLevel": 0,
                "stackSize": 1,
                "itemLevel": 0,
                "itemInstanceId": "0",
                "isEquipped": false,
                "bindStatus": 0,
                "itemHash": 974721182
              }
            }
          ],
          "categoryTitle": "Exotic Gear"
        }
      ],
      "enabled": true,
      "nextRefreshDate": "2016-04-15T09:00:00Z",
      "vendorHash": 2796397637
    }
  }
}
