{"14239492":{"bucketHash":14239492,"bucketName":"Chest Armor","bucketDescription":"Cuirasses, jackets, and vestments.","scope":0,"category":3,"bucketOrder":70,"bucketIdentifier":"BUCKET_CHEST","itemCount":10,"location":1,"hasTransferDestination":true,"enabled":true,"hash":14239492,"index":0},"20886954":{"bucketHash":20886954,"bucketName":"Leg Armor","bucketDescription":"Greaves and leggings.","scope":0,"category":3,"bucketOrder":80,"bucketIdentifier":"BUCKET_LEGS","itemCount":10,"location":1,"hasTransferDestination":true,"enabled":true,"hash":20886954,"index":0},"138197802":{"bucketHash":138197802,"bucketName":"General","bucketDescription":"Safe storage for general items. Accessible to all your characters.","scope":1,"category":1,"bucketOrder":30,"bucketIdentifier":"BUCKET_VAULT_ITEMS","itemCount":72,"location":2,"hasTransferDestination":false,"enabled":true,"hash":138197802,"index":0},"215593132":{"bucketHash":215593132,"bucketName":"Lost Items","bucketDescription":"Items you may have missed, but that were recovered by your Ghost.","scope":0,"category":0,"bucketOrder":0,"bucketIdentifier":"BUCKET_RECOVERY","itemCount":20,"location":4,"hasTransferDestination":false,"enabled":true,"hash":215593132,"index":0},"284967655":{"bucketHash":284967655,"bucketName":"Ships","bucketDescription":"Spacecraft at your disposal.","scope":0,"category":3,"bucketOrder":130,"bucketIdentifier":"BUCKET_SHIP","itemCount":10,"location":1,"hasTransferDestination":true,"enabled":true,"hash":284967655,"index":0},"375726501":{"bucketHash":375726501,"bucketName":"Mission","bucketDescription":"Items required by your current mission.","scope":0,"category":1,"bucketOrder":40,"bucketIdentifier":"BUCKET_MISSION","itemCount":10,"location":1,"hasTransferDestination":false,"enabled":true,"hash":375726501,"index":0},"434908299":{"bucketHash":434908299,"bucketName":"Artifacts","bucketDescription":"Remnants of lost histories, imbued with rare power.","scope":0,"category":3,"bucketOrder":95,"bucketIdentifier":"BUCKET_ARTIFACT","itemCount":10,"location":1,"hasTransferDestination":true,"enabled":true,"hash":434908299,"index":0},"953998645":{"bucketHash":953998645,"bucketName":"Heavy Weapons","bucketDescription":"Machine guns and rocket launchers.","scope":0,"category":3,"bucketOrder":40,"bucketIdentifier":"BUCKET_HEAVY_WEAPON","itemCount":10,"location":1,"hasTransferDestination":true,"enabled":true,"hash":953998645,"index":0},"1367666825":{"bucketHash":1367666825,"bucketName":"Special Orders","bucketDescription":"Special orders filled by suppliers in the City.","scope":1,"category":0,"bucketOrder":0,"bucketIdentifier":"BUCKET_COMMERCIALIZATION","itemCount":20,"location":4,"hasTransferDestination":false,"enabled":true,"hash":1367666825,"index":0},"1469714392":{"bucketHash":1469714392,"bucketName":"Consumables","bucketDescription":"Supplies and materials used in the field.","scope":0,"category":1,"bucketOrder":30,"bucketIdentifier":"BUCKET_CONSUMABLES","itemCount":20,"location":1,"hasTransferDestination":true,"enabled":true,"hash":1469714392,"index":0},"1498876634":{"bucketHash":1498876634,"bucketName":"Primary Weapons","bucketDescription":"Auto rifles, pulse rifles, scout rifles, and hand cannons.","scope":0,"category":3,"bucketOrder":20,"bucketIdentifier":"BUCKET_PRIMARY_WEAPON","itemCount":10,"location":1,"hasTransferDestination":true,"enabled":true,"hash":1498876634,"index":0},"1585787867":{"bucketHash":1585787867,"bucketName":"Class Armor","bucketDescription":"Marks, bonds, and cloaks.","scope":0,"category":3,"bucketOrder":90,"bucketIdentifier":"BUCKET_CLASS_ITEMS","itemCount":10,"location":1,"hasTransferDestination":true,"enabled":true,"hash":1585787867,"index":0},"1626737477":{"bucketHash":1626737477,"scope":0,"category":0,"bucketOrder":0,"itemCount":5,"location":1,"hasTransferDestination":false,"enabled":false,"hash":1626737477,"index":0},"1801258597":{"bucketHash":1801258597,"bucketName":"Quests","bucketDescription":"Story missions and other quests you are currently tracking.","scope":0,"category":0,"bucketOrder":60,"bucketIdentifier":"BUCKET_QUESTS","itemCount":32,"location":1,"hasTransferDestination":false,"enabled":true,"hash":1801258597,"index":0},"2025709351":{"bucketHash":2025709351,"bucketName":"Vehicle","bucketDescription":"Surface vehicles at your disposal.","scope":0,"category":3,"bucketOrder":110,"bucketIdentifier":"BUCKET_VEHICLE","itemCount":10,"location":1,"hasTransferDestination":true,"enabled":true,"hash":2025709351,"index":0},"2197472680":{"bucketHash":2197472680,"bucketName":"Bounties","bucketDescription":"Additional missions for Guardians to carry out in the wilderness.","scope":0,"category":1,"bucketOrder":50,"bucketIdentifier":"BUCKET_BOUNTIES","itemCount":16,"location":1,"hasTransferDestination":false,"enabled":true,"hash":2197472680,"index":0},"2422292810":{"bucketHash":2422292810,"scope":0,"category":0,"bucketOrder":0,"bucketIdentifier":"BUCKET_TEMPORARY","itemCount":1,"location":1,"hasTransferDestination":false,"enabled":false,"hash":2422292810,"index":0},"2465295065":{"bucketHash":2465295065,"bucketName":"Special Weapons","bucketDescription":"Shotguns, fusion rifles, and sniper rifles.","scope":0,"category":3,"bucketOrder":30,"bucketIdentifier":"BUCKET_SPECIAL_WEAPON","itemCount":10,"location":1,"hasTransferDestination":true,"enabled":true,"hash":2465295065,"index":0},"2689798304":{"bucketHash":2689798304,"bucketName":"Legendary Marks","bucketDescription":"A currency used to purchase Legendary gear from vendors in the Tower.","scope":1,"category":2,"bucketOrder":50,"bucketIdentifier":"BUCKET_CURRENCY_LEGENDARY","itemCount":1,"location":0,"hasTransferDestination":false,"enabled":true,"hash":2689798304,"index":0},"2689798308":{"bucketHash":2689798308,"bucketName":"Glimmer","bucketDescription":"The currency of the City. A programmable matter used as a source of power before the Collapse. Glimmer is shared between all your characters.","scope":1,"category":2,"bucketOrder":10,"bucketIdentifier":"BUCKET_CURRENCY_GLIMMER","itemCount":1,"location":0,"hasTransferDestination":false,"enabled":true,"hash":2689798308,"index":0},"2689798309":{"bucketHash":2689798309,"bucketName":"Vanguard Marks","bucketDescription":"Currency used to purchase Legendary weapons and armor in the Tower.","scope":0,"category":0,"bucketOrder":30,"bucketIdentifier":"BUCKET_CURRENCY_FACTION_PVE","itemCount":1,"location":1,"hasTransferDestination":false,"enabled":false,"hash":2689798309,"index":0},"2689798310":{"bucketHash":2689798310,"bucketName":"Crucible Marks","bucketDescription":"Currency used to purchase Legendary weapons and armor in the Tower.","scope":0,"category":0,"bucketOrder":40,"bucketIdentifier":"BUCKET_CURRENCY_FACTION_PVP","itemCount":1,"location":1,"hasTransferDestination":false,"enabled":false,"hash":2689798310,"index":0},"2689798311":{"bucketHash":2689798311,"bucketName":"Silver","bucketDescription":"Rare coins struck during the height of the Golden Age.","scope":1,"category":2,"bucketOrder":60,"bucketIdentifier":"BUCKET_CURRENCY_SILVER","itemCount":1,"location":0,"hasTransferDestination":false,"enabled":true,"hash":2689798311,"index":0},"2973005342":{"bucketHash":2973005342,"bucketName":"Shaders","bucketDescription":"Apply new colors and materials to compatible Armor.","scope":0,"category":3,"bucketOrder":140,"bucketIdentifier":"BUCKET_SHADER","itemCount":10,"location":1,"hasTransferDestination":true,"enabled":true,"hash":2973005342,"index":0},"3003523923":{"bucketHash":3003523923,"bucketName":"Armor","bucketDescription":"Safe storage for Armor. Accessible to all your characters.","scope":1,"category":1,"bucketOrder":10,"bucketIdentifier":"BUCKET_VAULT_ARMOR","itemCount":108,"location":2,"hasTransferDestination":false,"enabled":true,"hash":3003523923,"index":0},"3054419239":{"bucketHash":3054419239,"bucketName":"Emotes","bucketDescription":"Express yourself through Emotes.","scope":0,"category":3,"bucketOrder":160,"bucketIdentifier":"BUCKET_EMOTES","itemCount":10,"location":1,"hasTransferDestination":true,"enabled":true,"hash":3054419239,"index":0},"3161908920":{"bucketHash":3161908920,"bucketName":"Messages","bucketDescription":"Messages and deliveries for pickup.","scope":0,"category":0,"bucketOrder":0,"bucketIdentifier":"BUCKET_MAIL","itemCount":20,"location":4,"hasTransferDestination":false,"enabled":true,"hash":3161908920,"index":0},"3284755031":{"bucketHash":3284755031,"bucketName":"Subclass","bucketDescription":"Your abilities.","scope":0,"category":3,"bucketOrder":10,"bucketIdentifier":"BUCKET_BUILD","itemCount":3,"location":1,"hasTransferDestination":false,"enabled":true,"hash":3284755031,"index":0},"3448274439":{"bucketHash":3448274439,"bucketName":"Helmet","bucketDescription":"Helmets and hoods.","scope":0,"category":3,"bucketOrder":50,"bucketIdentifier":"BUCKET_HEAD","itemCount":10,"location":1,"hasTransferDestination":true,"enabled":true,"hash":3448274439,"index":0},"3551918588":{"bucketHash":3551918588,"bucketName":"Gauntlets","bucketDescription":"Gloves and gauntlets.","scope":0,"category":3,"bucketOrder":60,"bucketIdentifier":"BUCKET_ARMS","itemCount":10,"location":1,"hasTransferDestination":true,"enabled":true,"hash":3551918588,"index":0},"3621873013":{"bucketHash":3621873013,"scope":0,"category":0,"bucketOrder":0,"bucketIdentifier":"BUCKET_HIDDEN","itemCount":1,"location":1,"hasTransferDestination":false,"enabled":false,"hash":3621873013,"index":0},"3772930460":{"bucketHash":3772930460,"bucketName":"Currency","bucketDescription":"For buying and selling items in the Tower.","scope":0,"category":0,"bucketOrder":0,"bucketIdentifier":"BUCKET_LEGACY_CURRENCY","itemCount":0,"location":1,"hasTransferDestination":false,"enabled":false,"hash":3772930460,"index":0},"3796357825":{"bucketHash":3796357825,"bucketName":"Sparrow Horn","bucketDescription":"Make some noise!","scope":0,"category":3,"bucketOrder":120,"bucketIdentifier":"BUCKET_HORN","itemCount":10,"location":1,"hasTransferDestination":true,"enabled":true,"hash":3796357825,"index":0},"3865314626":{"bucketHash":3865314626,"bucketName":"Materials","bucketDescription":"Useful for equipment upgrades and more.","scope":0,"category":1,"bucketOrder":20,"bucketIdentifier":"BUCKET_MATERIALS","itemCount":20,"location":1,"hasTransferDestination":true,"enabled":true,"hash":3865314626,"index":0},"4023194814":{"bucketHash":4023194814,"bucketName":"Ghost","bucketDescription":"Shells used by your assistant and guide, the Ghost.","scope":0,"category":3,"bucketOrder":45,"bucketIdentifier":"BUCKET_GHOST","itemCount":10,"location":1,"hasTransferDestination":true,"enabled":true,"hash":4023194814,"index":0},"4046403665":{"bucketHash":4046403665,"bucketName":"Weapons","bucketDescription":"Safe storage for Weapons. Accessible to all your characters.","scope":1,"category":1,"bucketOrder":20,"bucketIdentifier":"BUCKET_VAULT_WEAPONS","itemCount":108,"location":2,"hasTransferDestination":false,"enabled":true,"hash":4046403665,"index":0},"4274335291":{"bucketHash":4274335291,"bucketName":"Emblems","bucketDescription":"Emblems to display beside your name in rosters and friend lists.","scope":0,"category":3,"bucketOrder":150,"bucketIdentifier":"BUCKET_EMBLEM","itemCount":10,"location":1,"hasTransferDestination":true,"enabled":true,"hash":4274335291,"index":0}}