{"19601097":{"name":"weapon_rare_auto_rifle","scope":2,"repeatLastStep":true,"icon":"/common/destiny_content/icons/afcab2e54cbf65c7fc2ce59e4e38fb2c.png","steps":[0,3400,4080],"visible":true,"index":0},"45089664":{"name":"terminals","scope":1,"repeatLastStep":true,"steps":[1],"visible":true,"index":0},"71851446":{"name":"actual_level_gear","scope":5,"repeatLastStep":false,"steps":[],"visible":true,"index":0},"143810986":{"name":"weapon_exotic_scout_rifle","scope":2,"repeatLastStep":true,"icon":"/common/destiny_content/icons/35b74a95b4fc6ff1ed615f8d709b3f8f.png","steps":[0,3570,4284],"visible":true,"index":0},"174528503":{"name":"faction_eris","scope":1,"repeatLastStep":true,"icon":"/common/destiny_content/icons/04fb982902acf31375af4420ae69563d.png","steps":[1000,1500,1500,2000,3000],"visible":true,"index":0,"label":"Crota's Bane","color":"#9e9381","scale":".5","order":7},"220716918":{"name":"r1_s4_tickets.pvp.trials_of_osiris.wins","scope":1,"repeatLastStep":false,"steps":[1,1,1,1,1,1,1,1,1],"visible":true,"index":0},"262790308":{"name":"armor_superior","scope":2,"repeatLastStep":true,"icon":"/common/destiny_content/icons/ddc95f199221041a927f0a9ecf1810f7.png","steps":[0,5058,10115],"visible":true,"index":0},"367984440":{"name":"weapon_exotic_rocket_launcher","scope":2,"repeatLastStep":true,"icon":"/common/destiny_content/icons/6e1b9b291e0860f713a88e24a6411c85.png","steps":[0,1071,1285],"visible":true,"index":0},"368697857":{"name":"Classified","scope":1,"repeatLastStep":false,"icon":"","description":"Obtain this Quest in Destiny to learn more.","source":"","steps":[],"visible":false,"index":0},"372013324":{"name":"test_faction","scope":1,"repeatLastStep":true,"icon":"/common/destiny_content/icons/7711c2a00af5a91cdb19cd38af09eb8d.png","steps":[],"visible":true,"index":0},"435950544":{"name":"r1_s2_bounties_eris_rasputin.step1","scope":2,"repeatLastStep":false,"steps":[1],"visible":true,"index":0},"435950545":{"name":"r1_s2_bounties_eris_rasputin.step0","scope":2,"repeatLastStep":false,"steps":[3],"visible":true,"index":0},"435950546":{"name":"r1_s2_bounties_eris_rasputin.step3","scope":2,"repeatLastStep":false,"steps":[1],"visible":true,"index":0},"435950547":{"name":"r1_s2_bounties_eris_rasputin.step2","scope":2,"repeatLastStep":false,"steps":[1],"visible":true,"index":0},"452808717":{"name":"faction_event_queen","scope":1,"repeatLastStep":false,"icon":"/common/destiny_content/icons/e899495ba60bb1889936639e5040c01e.png","identifier":"PROGRESSION_EVENT_QUEEN","steps":[1000,3000,3000],"visible":true,"index":0},"486460029":{"name":"weapon_common_machinegun","scope":2,"repeatLastStep":true,"icon":"/common/destiny_content/icons/ae46c4a56d97811bd22eec47161c99d4.png","steps":[0,510,612],"visible":true,"index":0},"492328112":{"name":"bounties_queen.bounty6","scope":2,"repeatLastStep":false,"steps":[200],"visible":true,"index":0},"492328113":{"name":"bounties_queen.bounty7","scope":2,"repeatLastStep":false,"steps":[10],"visible":true,"index":0},"492328114":{"name":"bounties_queen.bounty4","scope":2,"repeatLastStep":false,"steps":[20],"visible":true,"index":0},"492328115":{"name":"bounties_queen.bounty5","scope":2,"repeatLastStep":false,"steps":[200],"visible":true,"index":0},"492328116":{"name":"bounties_queen.bounty2","scope":2,"repeatLastStep":false,"steps":[15],"visible":true,"index":0},"492328117":{"name":"bounties_queen.bounty3","scope":2,"repeatLastStep":false,"steps":[20],"visible":true,"index":0},"492328118":{"name":"bounties_queen.bounty0","scope":2,"repeatLastStep":false,"steps":[3],"visible":true,"index":0},"492328119":{"name":"bounties_queen.bounty1","scope":2,"repeatLastStep":false,"steps":[50],"visible":true,"index":0},"492328126":{"name":"bounties_queen.bounty8","scope":2,"repeatLastStep":false,"steps":[1],"visible":true,"index":0},"492328127":{"name":"bounties_queen.bounty9","scope":2,"repeatLastStep":false,"steps":[1],"visible":true,"index":0},"529303302":{"name":"faction_cryptarch","scope":1,"repeatLastStep":true,"icon":"/common/destiny_content/icons/7711c2a00af5a91cdb19cd38af09eb8d.png","identifier":"PROGRESSION_CRYPTARCH","steps":[1500,2500,3000],"visible":true,"index":0,"label":"Cryptarch","color":"#C7990C","scale":".8","order":0},"594203991":{"name":"pvp_iron_banner.loss_tokens","scope":1,"repeatLastStep":false,"steps":[1,1,1,1,1],"visible":true,"index":0},"601852144":{"name":"weapon_rare_scout_rifle","scope":2,"repeatLastStep":true,"icon":"/common/destiny_content/icons/35b74a95b4fc6ff1ed615f8d709b3f8f.png","steps":[0,3400,4080],"visible":true,"index":0},"633635316":{"name":"build_hunter_thermal0","scope":2,"repeatLastStep":false,"steps":[0,900,4100,5000,6000,7000,8000,9000,9000,9000,9000,9000,9000,9000,9000,9000,15000,18000,21000,24000,30000,45000,45000,45000,45000,45000,45000,45000],"visible":true,"index":0},"665638366":{"name":"superior_gear_material_source","scope":1,"repeatLastStep":false,"steps":[6],"visible":true,"index":0},"691336206":{"name":"pvp_tournament0.wins","scope":1,"repeatLastStep":false,"steps":[1,1,1,1,1,1,1,1,1,1,1,1,1,1,1,1,1,1,1,1,1,1,1,1,1,1],"visible":true,"index":0},"692939593":{"name":"r1_s3_tickets.pvp.trials_of_osiris.wins","scope":6,"repeatLastStep":false,"steps":[1,1,1,1,1,1,1,1,1],"visible":true,"index":0},"695578353":{"name":"actual_level_light","scope":3,"repeatLastStep":false,"steps":[],"visible":true,"index":0},"751343210":{"name":"weapon_exotic_fusion_rifle","scope":2,"repeatLastStep":true,"icon":"/common/destiny_content/icons/5bec10f717489be5195586f1624f61fd.png","steps":[0,1999,2399],"visible":true,"index":0},"807090922":{"name":"r1_s3_factions_queen","scope":1,"repeatLastStep":true,"icon":"/common/destiny_content/icons/e899495ba60bb1889936639e5040c01e.png","steps":[1000,3000,3000],"visible":true,"index":0,"label":"Queen's Wrath","color":"#2F1023","scale":".5","order":8},"849095624":{"name":"weapon_rare_sidearm","scope":2,"repeatLastStep":true,"icon":"/common/destiny_content/icons/e6033e48112744699251c0a94622006a.png","steps":[0,1904,2285],"visible":true,"index":0},"953899265":{"name":"weapon_exotic_shotgun","scope":2,"repeatLastStep":true,"icon":"/common/destiny_content/icons/92c4039bed4cc4ec0c5e7a884f10334b.png","steps":[0,1999,2399],"visible":true,"index":0},"1054627247":{"name":"weapon_superior_rocket_launcher","scope":2,"repeatLastStep":true,"icon":"/common/destiny_content/icons/6e1b9b291e0860f713a88e24a6411c85.png","steps":[0,1071,1285],"visible":true,"index":0},"1149018548":{"name":"actual_level","scope":4,"repeatLastStep":false,"steps":[],"visible":true,"index":0},"1156912330":{"name":"weapon_superior_sniper_rifle","scope":2,"repeatLastStep":true,"icon":"/common/destiny_content/icons/5d05515c4d59a7109ce22e0364259e87.png","steps":[0,1999,2399],"visible":true,"index":0},"1235322459":{"name":"build_titan_arc0","scope":2,"repeatLastStep":false,"steps":[0,900,4100,5000,6000,7000,8000,9000,9000,9000,9000,9000,9000,9000,9000,9000,15000,18000,21000,24000,30000,45000,45000,45000,45000,45000,45000,45000],"visible":true,"index":0},"1241939069":{"name":"weapon_superior_sidearm","scope":2,"repeatLastStep":true,"icon":"/common/destiny_content/icons/e6033e48112744699251c0a94622006a.png","steps":[0,1999,2399],"visible":true,"index":0},"1272042598":{"name":"bounties_pvp.bounty8","scope":2,"repeatLastStep":false,"steps":[10],"visible":true,"index":0},"1272042599":{"name":"bounties_pvp.bounty9","scope":2,"repeatLastStep":false,"steps":[20],"visible":true,"index":0},"1272042600":{"name":"bounties_pvp.bounty6","scope":2,"repeatLastStep":false,"steps":[3],"visible":true,"index":0},"1272042601":{"name":"bounties_pvp.bounty7","scope":2,"repeatLastStep":false,"steps":[50],"visible":true,"index":0},"1272042602":{"name":"bounties_pvp.bounty4","scope":2,"repeatLastStep":false,"steps":[10],"visible":true,"index":0},"1272042603":{"name":"bounties_pvp.bounty5","scope":2,"repeatLastStep":false,"steps":[10],"visible":true,"index":0},"1272042604":{"name":"bounties_pvp.bounty2","scope":2,"repeatLastStep":false,"steps":[25],"visible":true,"index":0},"1272042605":{"name":"bounties_pvp.bounty3","scope":2,"repeatLastStep":false,"steps":[3],"visible":true,"index":0},"1272042606":{"name":"bounties_pvp.bounty0","scope":2,"repeatLastStep":false,"steps":[25],"visible":true,"index":0},"1272042607":{"name":"bounties_pvp.bounty1","scope":2,"repeatLastStep":false,"steps":[25],"visible":true,"index":0},"1292206133":{"name":"r1_s2_bounties_eris_raid.boss_step0","scope":2,"repeatLastStep":false,"steps":[1],"visible":true,"index":0},"1296042811":{"name":"weapon_superior_machinegun","scope":2,"repeatLastStep":true,"icon":"/common/destiny_content/icons/ae46c4a56d97811bd22eec47161c99d4.png","steps":[0,1071,1285],"visible":true,"index":0},"1327609045":{"name":"weapon_superior_hand_cannon","scope":2,"repeatLastStep":true,"icon":"/common/destiny_content/icons/e6033e48112744699251c0a94622006a.png","steps":[0,3570,4284],"visible":true,"index":0},"1336676114":{"name":"weapon_exotic_hand_cannon","scope":2,"repeatLastStep":true,"icon":"/common/destiny_content/icons/e6033e48112744699251c0a94622006a.png","steps":[0,3570,4284],"visible":true,"index":0},"1357277120":{"name":"faction_pvp","scope":1,"repeatLastStep":true,"icon":"/common/destiny_content/icons/9be0d32f2b4680fbb41c1766dc03954f.png","identifier":"PROGRESSION_CRUCIBLE","steps":[1500,2000,2500],"visible":true,"index":0,"label":"Crucible","color":"#a7342d","scale":".8","order":2},"1372069377":{"name":"weapon_rare_pulse_rifle","scope":2,"repeatLastStep":true,"icon":"/common/destiny_content/icons/8b0bfb473d0bc41dbf26d5c84bfcdc8e.png","steps":[0,3400,4080],"visible":true,"index":0},"1402705158":{"name":"armor_special","scope":2,"repeatLastStep":true,"icon":"/common/destiny_content/icons/ddc95f199221041a927f0a9ecf1810f7.png","steps":[0,2125],"visible":true,"index":0},"1424722124":{"name":"faction_pvp_future_war_cult","scope":1,"repeatLastStep":true,"icon":"/common/destiny_content/icons/b37242760c47bf47ca946fbdb1276292.png","identifier":"PROGRESSION_FUTURE_WAR_CULT","steps":[1500,2000,2500,2500,2500,2500,2500,2500,2500,2500,2500,2500,2500,2500,2500,2500,2500,2500,2500,2500,2500,2500,2500,2500,2500],"visible":true,"index":0,"label":"Future War Cult","color":"#262247","scale":".5","order":4},"1514588224":{"name":"build_titan_thermal0","scope":2,"repeatLastStep":false,"steps":[0,0,0,0,0,7000,8000,9000,9000,9000,9000,9000,9000,9000,9000,9000,15000,18000,21000,24000,30000,45000,45000,45000,45000,45000,45000,45000],"visible":true,"index":0},"1524919448":{"name":"r1_s2_bounties_eris_moon.step2","scope":2,"repeatLastStep":false,"steps":[1],"visible":true,"index":0},"1524919450":{"name":"r1_s2_bounties_eris_moon.step0","scope":2,"repeatLastStep":false,"steps":[1],"visible":true,"index":0},"1524919451":{"name":"r1_s2_bounties_eris_moon.step1","scope":2,"repeatLastStep":false,"steps":[1],"visible":true,"index":0},"1586839680":{"name":"weapon_common_auto_rifle","scope":2,"repeatLastStep":true,"icon":"/common/destiny_content/icons/afcab2e54cbf65c7fc2ce59e4e38fb2c.png","steps":[0,1700,2040],"visible":true,"index":0},"1610706720":{"name":"r1_s2_bounties_eris_rasputin.daily0","scope":2,"repeatLastStep":false,"steps":[1],"visible":true,"index":0},"1635066761":{"name":"weapon_superior_scout_rifle","scope":2,"repeatLastStep":true,"icon":"/common/destiny_content/icons/35b74a95b4fc6ff1ed615f8d709b3f8f.png","steps":[0,3570,4284],"visible":true,"index":0},"1691917967":{"name":"weapon_rare_shotgun","scope":2,"repeatLastStep":true,"icon":"/common/destiny_content/icons/92c4039bed4cc4ec0c5e7a884f10334b.png","steps":[0,1904,2285],"visible":true,"index":0},"1707948164":{"name":"destination_chests_moon","scope":1,"repeatLastStep":false,"steps":[1,1,1,1,1],"visible":true,"index":0},"1716568313":{"name":"character_level","scope":1,"repeatLastStep":false,"identifier":"PROGRESSION_CHARACTER_LEVEL","steps":[0,900,4100,5000,6000,7000,8000,9000,9000,9000,9000,9000,9000,9000,9000,9000,9000,9000,9000,9000,9000,9000,9000,9000,9000,9000,9000,9000,9000,9000,9000,9000,9000,9000,9000,9000,9000,10000,15000,20000],"visible":true,"index":0},"1774654531":{"name":"destination_chests_cosmodrome","scope":1,"repeatLastStep":false,"steps":[1,1,1,1,1],"visible":true,"index":0},"1806762204":{"name":"weapon_exotic_sword","scope":2,"repeatLastStep":true,"icon":"/common/destiny_content/icons/5d05515c4d59a7109ce22e0364259e87.png","steps":[0,1260,1512],"visible":true,"index":0},"1813264802":{"name":"weapon_exotic_sidearm","scope":2,"repeatLastStep":true,"icon":"/common/destiny_content/icons/e6033e48112744699251c0a94622006a.png","steps":[0,1999,2399],"visible":true,"index":0},"1833346722":{"name":"r1_s2_bounties_eris_event.daily8","scope":2,"repeatLastStep":false,"steps":[5],"visible":true,"index":0},"1833346723":{"name":"r1_s2_bounties_eris_event.daily9","scope":2,"repeatLastStep":false,"steps":[5],"visible":true,"index":0},"1833346728":{"name":"r1_s2_bounties_eris_event.daily2","scope":2,"repeatLastStep":false,"steps":[10],"visible":true,"index":0},"1833346729":{"name":"r1_s2_bounties_eris_event.daily3","scope":2,"repeatLastStep":false,"steps":[200],"visible":true,"index":0},"1833346730":{"name":"r1_s2_bounties_eris_event.daily0","scope":2,"repeatLastStep":false,"steps":[3],"visible":true,"index":0},"1833346731":{"name":"r1_s2_bounties_eris_event.daily1","scope":2,"repeatLastStep":false,"steps":[15],"visible":true,"index":0},"1833346732":{"name":"r1_s2_bounties_eris_event.daily6","scope":2,"repeatLastStep":false,"steps":[15],"visible":true,"index":0},"1833346733":{"name":"r1_s2_bounties_eris_event.daily7","scope":2,"repeatLastStep":false,"steps":[1],"visible":true,"index":0},"1833346734":{"name":"r1_s2_bounties_eris_event.daily4","scope":2,"repeatLastStep":false,"steps":[50],"visible":true,"index":0},"1833346735":{"name":"r1_s2_bounties_eris_event.daily5","scope":2,"repeatLastStep":false,"steps":[50],"visible":true,"index":0},"1871361143":{"name":"weapon_common_hand_cannon","scope":2,"repeatLastStep":true,"icon":"/common/destiny_content/icons/e6033e48112744699251c0a94622006a.png","steps":[0,1700,2040],"visible":true,"index":0},"1930282350":{"name":"weapon_rare_rocket_launcher","scope":2,"repeatLastStep":true,"icon":"/common/destiny_content/icons/6e1b9b291e0860f713a88e24a6411c85.png","steps":[0,1020,1224],"visible":true,"index":0},"1982397720":{"name":"weapon_common_shotgun","scope":2,"repeatLastStep":true,"icon":"/common/destiny_content/icons/92c4039bed4cc4ec0c5e7a884f10334b.png","steps":[0,952,1142],"visible":true,"index":0},"1997970403":{"name":"build_warlock_thermal0","scope":2,"repeatLastStep":false,"steps":[0,900,4100,5000,6000,7000,8000,9000,9000,9000,9000,9000,9000,9000,9000,9000,15000,18000,21000,24000,30000,45000,45000,45000,45000,45000,45000,45000],"visible":true,"index":0},"1999106340":{"name":"r1_s4_tokens_activities_public_hiveship_core_arena2","scope":2,"repeatLastStep":false,"steps":[5],"visible":true,"index":0},"1999106343":{"name":"r1_s4_tokens_activities_public_hiveship_core_arena1","scope":2,"repeatLastStep":false,"steps":[5],"visible":true,"index":0},"2030054750":{"name":"character_prestige","scope":1,"repeatLastStep":true,"icon":"/common/destiny_content/icons/ddc95f199221041a927f0a9ecf1810f7.png","identifier":"PROGRESSION_CHARACTER_PRESTIGE","steps":[25000],"visible":true,"index":0},"2033897742":{"name":"weekly_pve","scope":1,"repeatLastStep":false,"identifier":"WEEKLY_PVE","description":"Currency used to purchase Legendary weapons and armor in the Tower.","source":"Vanguard Marks are earned most quickly by playing in Strike Playlists.  You can earn up to 100 Vanguard Marks per week.","steps":[1,1,1,1,1,1,1,1,1,1,1,1,1,1,1,1,1,1,1,1,1,1,1,1,1,1,1,1,1,1,1,1,1,1,1,1,1,1,1,1,1,1,1,1,1,1,1,1,1,1,1,1,1,1,1,1,1,1,1,1,1,1,1,1,1,1,1,1,1,1,1,1,1,1,1,1,1,1,1,1,1,1,1,1,1,1,1,1,1,1,1,1,1,1,1,1,1,1,1,1],"visible":true,"index":0},"2033897755":{"name":"weekly_pvp","scope":1,"repeatLastStep":false,"identifier":"WEEKLY_PVP","description":"Currency used to purchase Legendary weapons and armor in the Tower.","source":"Crucible Marks are earned most quickly by competing in the Crucible against other Guardians.  You can earn up to 100 Crucible Marks per week.","steps":[1,1,1,1,1,1,1,1,1,1,1,1,1,1,1,1,1,1,1,1,1,1,1,1,1,1,1,1,1,1,1,1,1,1,1,1,1,1,1,1,1,1,1,1,1,1,1,1,1,1,1,1,1,1,1,1,1,1,1,1,1,1,1,1,1,1,1,1,1,1,1,1,1,1,1,1,1,1,1,1,1,1,1,1,1,1,1,1,1,1,1,1,1,1,1,1,1,1,1,1],"visible":true,"index":0},"2043912351":{"name":"armor_exotic","scope":2,"repeatLastStep":true,"icon":"/common/destiny_content/icons/ddc95f199221041a927f0a9ecf1810f7.png","steps":[0,7438,14875],"visible":true,"index":0},"2060414935":{"name":"base_item_level","scope":1,"repeatLastStep":false,"steps":[0,0,0,0,0,0,0,0,0,0,1,1,1,1,1,1,1,1,1,1,1,1,1,1,1,1,1,1,1,1,1,1,1,1,1,1,1,1,1,1,1,1,1,1,1,1,1,1,1,1,1,1,1,1,1,1,1,1,1,1,1,1,1,1,1,1,1,1,1,1,1,1,1,1,1,1,1,1,1,1,1,1,1,1,1,1,1,1,1,1,1,1,1,1,1,1,1,1,1,1],"visible":true,"index":0},"2061277684":{"name":"r1_s2_bounties_queen.bounty2","scope":2,"repeatLastStep":false,"steps":[1],"visible":true,"index":0},"2061277685":{"name":"r1_s2_bounties_queen.bounty3","scope":2,"repeatLastStep":false,"steps":[3],"visible":true,"index":0},"2061277686":{"name":"r1_s2_bounties_queen.bounty0","scope":2,"repeatLastStep":false,"steps":[1],"visible":true,"index":0},"2061277687":{"name":"r1_s2_bounties_queen.bounty1","scope":2,"repeatLastStep":false,"steps":[1],"visible":true,"index":0},"2158037182":{"name":"destination_chests_venus","scope":1,"repeatLastStep":false,"steps":[1,1,1,1,1],"visible":true,"index":0},"2161005788":{"name":"faction_event_iron_banner","scope":1,"repeatLastStep":false,"icon":"/img/destiny_content/progression/iron_banner.png","identifier":"PROGRESSION_EVENT_IRON_BANNER","steps":[100,1200,2400,2400,2400],"visible":true,"index":0,"label":"Iron Banner","color":"#4d310a","scale":".5","order":6},"2172613790":{"name":"build_warlock_void0","scope":2,"repeatLastStep":false,"steps":[0,900,4100,5000,6000,7000,8000,9000,9000,9000,9000,9000,9000,9000,9000,9000,15000,18000,21000,24000,30000,45000,45000,45000,45000,45000,45000,45000],"visible":true,"index":0},"2193513588":{"name":"destination_chests_mars","scope":1,"repeatLastStep":false,"steps":[1,1,1,1,1],"visible":true,"index":0},"2205945287":{"name":"weapon_superior_sword","scope":2,"repeatLastStep":true,"icon":"/common/destiny_content/icons/5d05515c4d59a7109ce22e0364259e87.png","steps":[0,1260,1512],"visible":true,"index":0},"2226114450":{"name":"r1_s4_tickets.pvp.trials_of_osiris.losses","scope":1,"repeatLastStep":false,"steps":[1,1,1],"visible":true,"index":0},"2238801706":{"name":"weapon_exotic_machinegun","scope":2,"repeatLastStep":true,"icon":"/common/destiny_content/icons/ae46c4a56d97811bd22eec47161c99d4.png","steps":[0,1071,1285],"visible":true,"index":0},"2246692900":{"name":"weapon_rare_hand_cannon","scope":2,"repeatLastStep":true,"icon":"/common/destiny_content/icons/e6033e48112744699251c0a94622006a.png","steps":[0,3400,4080],"visible":true,"index":0},"2247752557":{"name":"r1_s2_bounties_eris_rasputin.lead0","scope":2,"repeatLastStep":false,"steps":[25],"visible":true,"index":0},"2257899156":{"name":"build_warlock_arc0","scope":2,"repeatLastStep":false,"steps":[0,0,0,0,0,7000,8000,9000,9000,9000,9000,9000,9000,9000,9000,9000,15000,18000,21000,24000,30000,45000,45000,45000,45000,45000,45000,45000],"visible":true,"index":0},"2318284751":{"name":"","scope":1,"repeatLastStep":false,"identifier":"","steps":[],"visible":false,"index":0},"2335631936":{"name":"r1_s4_factions_gunsmith","scope":1,"repeatLastStep":true,"icon":"/common/destiny_content/icons/976d73f5b4032b5a35ac9b019a077b71.png","steps":[1500,1500,2000,2000,2000],"visible":true,"index":0,"label":"Gunsmith","color":"#717272","scale":".8","order":10},"2361889681":{"name":"r1_s2_bounties_eris_raid.super_knight_step0","scope":2,"repeatLastStep":false,"steps":[1],"visible":true,"index":0},"2398090872":{"name":"r1_s2_bounties_eris_moon.daily1","scope":2,"repeatLastStep":false,"steps":[1],"visible":true,"index":0},"2398090873":{"name":"r1_s2_bounties_eris_moon.daily0","scope":2,"repeatLastStep":false,"steps":[1],"visible":true,"index":0},"2432828054":{"name":"character_gear_tilt","scope":1,"repeatLastStep":false,"steps":[0,100,100,100,100,100,100,100,100,100,100],"visible":true,"index":0},"2572834290":{"name":"weapon_superior_shotgun","scope":2,"repeatLastStep":true,"icon":"/common/destiny_content/icons/92c4039bed4cc4ec0c5e7a884f10334b.png","steps":[0,1999,2399],"visible":true,"index":0},"2577217113":{"name":"armor_basic","scope":2,"repeatLastStep":true,"icon":"/common/destiny_content/icons/ddc95f199221041a927f0a9ecf1810f7.png","steps":[0,2125],"visible":true,"index":0},"2657402687":{"name":"weapon_exotic_auto_rifle","scope":2,"repeatLastStep":true,"icon":"/common/destiny_content/icons/afcab2e54cbf65c7fc2ce59e4e38fb2c.png","steps":[0,3570,4284],"visible":true,"index":0},"2663148817":{"name":"armor_rare","scope":2,"repeatLastStep":true,"icon":"/common/destiny_content/icons/ddc95f199221041a927f0a9ecf1810f7.png","steps":[0,4250],"visible":true,"index":0},"2760041825":{"name":"r1_s3_tickets.pvp.trials_of_osiris.losses","scope":6,"repeatLastStep":false,"steps":[1,1,1],"visible":true,"index":0},"2763619072":{"name":"r1_s4_pvp_racing","scope":1,"repeatLastStep":true,"icon":"/common/destiny_content/icons/1215131a095644c54e544fa4e94b6445.png","identifier":"PROGRESSION_R1_S4_SRL_EVENT","steps":[1750,2750,4500,8500],"visible":true,"index":0,"label":"SRL","color":"#e92b38","scale":".5","order":11},"2778795080":{"name":"faction_pvp_dead_orbit","scope":1,"repeatLastStep":true,"icon":"/common/destiny_content/icons/cd777083e5443a218d488c54d106fcee.png","identifier":"PROGRESSION_DEAD_ORBIT","steps":[1500,2000,2500,2500,2500,2500,2500,2500,2500,2500,2500,2500,2500,2500,2500,2500,2500,2500,2500,2500,2500,2500,2500,2500,2500],"visible":true,"index":0,"label":"Dead Orbit","color":"#cccccc","scale":".5","order":3},"2826935383":{"name":"weapon_exotic_sniper_rifle","scope":2,"repeatLastStep":true,"icon":"/common/destiny_content/icons/5d05515c4d59a7109ce22e0364259e87.png","steps":[0,1999,2399],"visible":true,"index":0},"2874376948":{"name":"bounties_vanguard.bounty8","scope":2,"repeatLastStep":false,"steps":[200],"visible":true,"index":0},"2874376949":{"name":"bounties_vanguard.bounty9","scope":2,"repeatLastStep":false,"steps":[200],"visible":true,"index":0},"2874376952":{"name":"bounties_vanguard.bounty4","scope":2,"repeatLastStep":false,"steps":[1],"visible":true,"index":0},"2874376953":{"name":"bounties_vanguard.bounty5","scope":2,"repeatLastStep":false,"steps":[1],"visible":true,"index":0},"2874376954":{"name":"bounties_vanguard.bounty6","scope":2,"repeatLastStep":false,"steps":[200],"visible":true,"index":0},"2874376955":{"name":"bounties_vanguard.bounty7","scope":2,"repeatLastStep":false,"steps":[200],"visible":true,"index":0},"2874376956":{"name":"bounties_vanguard.bounty0","scope":2,"repeatLastStep":false,"steps":[1],"visible":true,"index":0},"2874376957":{"name":"bounties_vanguard.bounty1","scope":2,"repeatLastStep":false,"steps":[1],"visible":true,"index":0},"2874376958":{"name":"bounties_vanguard.bounty2","scope":2,"repeatLastStep":false,"steps":[1],"visible":true,"index":0},"2874376959":{"name":"bounties_vanguard.bounty3","scope":2,"repeatLastStep":false,"steps":[1],"visible":true,"index":0},"2893491288":{"name":"bounties_vanguard.bounty40","scope":2,"repeatLastStep":false,"steps":[6],"visible":true,"index":0},"2893491289":{"name":"bounties_vanguard.bounty41","scope":2,"repeatLastStep":false,"steps":[6],"visible":true,"index":0},"2922928712":{"name":"r1_s2_bounties_eris_event.daily20","scope":2,"repeatLastStep":false,"steps":[50],"visible":true,"index":0},"2958601622":{"name":"weapon_superior_auto_rifle","scope":2,"repeatLastStep":true,"icon":"/common/destiny_content/icons/afcab2e54cbf65c7fc2ce59e4e38fb2c.png","steps":[0,3570,4284],"visible":true,"index":0},"2960859227":{"name":"weapon_common_sidearm","scope":2,"repeatLastStep":true,"icon":"/common/destiny_content/icons/e6033e48112744699251c0a94622006a.png","steps":[0,952,1142],"visible":true,"index":0},"2962098293":{"name":"ghost_rare","scope":2,"repeatLastStep":true,"icon":"/common/destiny_content/icons/5d05515c4d59a7109ce22e0364259e87.png","steps":[0,5000],"visible":true,"index":0},"2973261568":{"name":"r1_s2_bounties_eris_event.daily11","scope":2,"repeatLastStep":false,"steps":[1],"visible":true,"index":0},"2973261569":{"name":"r1_s2_bounties_eris_event.daily10","scope":2,"repeatLastStep":false,"steps":[1],"visible":true,"index":0},"2973261570":{"name":"r1_s2_bounties_eris_event.daily13","scope":2,"repeatLastStep":false,"steps":[1],"visible":true,"index":0},"2973261571":{"name":"r1_s2_bounties_eris_event.daily12","scope":2,"repeatLastStep":false,"steps":[1],"visible":true,"index":0},"2973261572":{"name":"r1_s2_bounties_eris_event.daily15","scope":2,"repeatLastStep":false,"steps":[10],"visible":true,"index":0},"2973261573":{"name":"r1_s2_bounties_eris_event.daily14","scope":2,"repeatLastStep":false,"steps":[25],"visible":true,"index":0},"2973261574":{"name":"r1_s2_bounties_eris_event.daily17","scope":2,"repeatLastStep":false,"steps":[5],"visible":true,"index":0},"2973261575":{"name":"r1_s2_bounties_eris_event.daily16","scope":2,"repeatLastStep":false,"steps":[15],"visible":true,"index":0},"2973261576":{"name":"r1_s2_bounties_eris_event.daily19","scope":2,"repeatLastStep":false,"steps":[5],"visible":true,"index":0},"2973261577":{"name":"r1_s2_bounties_eris_event.daily18","scope":2,"repeatLastStep":false,"steps":[5],"visible":true,"index":0},"2977379440":{"name":"bounties_vanguard.bounty17","scope":2,"repeatLastStep":false,"steps":[20],"visible":true,"index":0},"2977379441":{"name":"bounties_vanguard.bounty16","scope":2,"repeatLastStep":false,"steps":[20000],"visible":true,"index":0},"2977379442":{"name":"bounties_vanguard.bounty15","scope":2,"repeatLastStep":false,"steps":[10],"visible":true,"index":0},"2977379443":{"name":"bounties_vanguard.bounty14","scope":2,"repeatLastStep":false,"steps":[10],"visible":true,"index":0},"2977379444":{"name":"bounties_vanguard.bounty13","scope":2,"repeatLastStep":false,"steps":[10],"visible":true,"index":0},"2977379445":{"name":"bounties_vanguard.bounty12","scope":2,"repeatLastStep":false,"steps":[10],"visible":true,"index":0},"2977379446":{"name":"bounties_vanguard.bounty11","scope":2,"repeatLastStep":false,"steps":[3],"visible":true,"index":0},"2977379447":{"name":"bounties_vanguard.bounty10","scope":2,"repeatLastStep":false,"steps":[100],"visible":true,"index":0},"2977379454":{"name":"bounties_vanguard.bounty19","scope":2,"repeatLastStep":false,"steps":[30],"visible":true,"index":0},"2977379455":{"name":"bounties_vanguard.bounty18","scope":2,"repeatLastStep":false,"steps":[100],"visible":true,"index":0},"2994157026":{"name":"bounties_vanguard.bounty28","scope":2,"repeatLastStep":false,"steps":[1],"visible":true,"index":0},"2994157027":{"name":"bounties_vanguard.bounty29","scope":2,"repeatLastStep":false,"steps":[1],"visible":true,"index":0},"2994157032":{"name":"bounties_vanguard.bounty22","scope":2,"repeatLastStep":false,"steps":[20],"visible":true,"index":0},"2994157033":{"name":"bounties_vanguard.bounty23","scope":2,"repeatLastStep":false,"steps":[20],"visible":true,"index":0},"2994157034":{"name":"bounties_vanguard.bounty20","scope":2,"repeatLastStep":false,"steps":[9000],"visible":true,"index":0},"2994157035":{"name":"bounties_vanguard.bounty21","scope":2,"repeatLastStep":false,"steps":[1],"visible":true,"index":0},"2994157036":{"name":"bounties_vanguard.bounty26","scope":2,"repeatLastStep":false,"steps":[1],"visible":true,"index":0},"2994157037":{"name":"bounties_vanguard.bounty27","scope":2,"repeatLastStep":false,"steps":[1],"visible":true,"index":0},"2994157038":{"name":"bounties_vanguard.bounty24","scope":2,"repeatLastStep":false,"steps":[1],"visible":true,"index":0},"2994157039":{"name":"bounties_vanguard.bounty25","scope":2,"repeatLastStep":false,"steps":[1],"visible":true,"index":0},"3010934612":{"name":"bounties_vanguard.bounty39","scope":2,"repeatLastStep":false,"steps":[6],"visible":true,"index":0},"3010934613":{"name":"bounties_vanguard.bounty38","scope":2,"repeatLastStep":false,"steps":[6],"visible":true,"index":0},"3010934616":{"name":"bounties_vanguard.bounty35","scope":2,"repeatLastStep":false,"steps":[1],"visible":true,"index":0},"3010934617":{"name":"bounties_vanguard.bounty34","scope":2,"repeatLastStep":false,"steps":[1],"visible":true,"index":0},"3010934618":{"name":"bounties_vanguard.bounty37","scope":2,"repeatLastStep":false,"steps":[1],"visible":true,"index":0},"3010934619":{"name":"bounties_vanguard.bounty36","scope":2,"repeatLastStep":false,"steps":[1],"visible":true,"index":0},"3010934620":{"name":"bounties_vanguard.bounty31","scope":2,"repeatLastStep":false,"steps":[1],"visible":true,"index":0},"3010934621":{"name":"bounties_vanguard.bounty30","scope":2,"repeatLastStep":false,"steps":[1],"visible":true,"index":0},"3010934622":{"name":"bounties_vanguard.bounty33","scope":2,"repeatLastStep":false,"steps":[1],"visible":true,"index":0},"3010934623":{"name":"bounties_vanguard.bounty32","scope":2,"repeatLastStep":false,"steps":[1],"visible":true,"index":0},"3025482627":{"name":"weapon_exotic_pulse_rifle","scope":2,"repeatLastStep":true,"icon":"/common/destiny_content/icons/8b0bfb473d0bc41dbf26d5c84bfcdc8e.png","steps":[0,3570,4284],"visible":true,"index":0},"3057602537":{"name":"r1_s2_bounties_eris_raid.acolyte_wizard_step0","scope":2,"repeatLastStep":false,"steps":[100],"visible":true,"index":0},"3063842802":{"name":"r1_s2_weapons_exotic_auto_rifle0","scope":2,"repeatLastStep":false,"icon":"/common/destiny_content/icons/afcab2e54cbf65c7fc2ce59e4e38fb2c.png","steps":[0,500],"visible":true,"index":0},"3089171644":{"name":"weapon_rare_machinegun","scope":2,"repeatLastStep":true,"icon":"/common/destiny_content/icons/ae46c4a56d97811bd22eec47161c99d4.png","steps":[0,1020,1224],"visible":true,"index":0},"3122728759":{"name":"","scope":1,"repeatLastStep":false,"identifier":"","steps":[],"visible":false,"index":0},"3155986019":{"name":"build_hunter_void0","scope":2,"repeatLastStep":false,"steps":[0,0,0,0,0,7000,8000,9000,9000,9000,9000,9000,9000,9000,9000,9000,15000,18000,21000,24000,30000,45000,45000,45000,45000,45000,45000,45000],"visible":true,"index":0},"3186678724":{"name":"r1_s4_hiveship_orbs","scope":1,"repeatLastStep":false,"steps":[1,1,1,1,1,1,1,1,1,1,1,1,1,1,1,1,1,1,1,1,1,1,1,1,1,1,1,1,1,1,1,1,1,1,1,1,1,1,1,1,1,1,1,1,1,1,1,1,1,1],"visible":true,"index":0},"3193862941":{"name":"r1_s2_bounties_eris_raid.lead0","scope":2,"repeatLastStep":false,"steps":[1],"visible":true,"index":0},"3194085378":{"name":"ghost_common","scope":2,"repeatLastStep":true,"icon":"/common/destiny_content/icons/5d05515c4d59a7109ce22e0364259e87.png","steps":[0,2500],"visible":true,"index":0},"3233510749":{"name":"faction_fotc_vanguard","scope":1,"repeatLastStep":true,"icon":"/common/destiny_content/icons/49b77e06b441aee267bec8a4e3680fac.png","identifier":"PROGRESSION_VANGUARD","steps":[1500,2000,2500],"visible":true,"index":0,"label":"Vanguard","color":"#161E28","scale":".5","order":1},"3258121580":{"name":"r1_s3_bounties_queen.bounty1","scope":2,"repeatLastStep":false,"steps":[1],"visible":true,"index":0},"3258121581":{"name":"r1_s3_bounties_queen.bounty0","scope":2,"repeatLastStep":false,"steps":[1],"visible":true,"index":0},"3258121582":{"name":"r1_s3_bounties_queen.bounty3","scope":2,"repeatLastStep":false,"steps":[1],"visible":true,"index":0},"3258121583":{"name":"r1_s3_bounties_queen.bounty2","scope":2,"repeatLastStep":false,"steps":[1],"visible":true,"index":0},"3298204156":{"name":"character_display_xp","scope":1,"repeatLastStep":true,"steps":[100000],"visible":true,"index":0},"3306030760":{"name":"ghost_superior","scope":2,"repeatLastStep":true,"icon":"/common/destiny_content/icons/5d05515c4d59a7109ce22e0364259e87.png","steps":[0,5950,11900],"visible":true,"index":0},"3344000560":{"name":"bounties_pvp.bounty24","scope":2,"repeatLastStep":false,"steps":[10],"visible":true,"index":0},"3344000561":{"name":"bounties_pvp.bounty25","scope":2,"repeatLastStep":false,"steps":[5],"visible":true,"index":0},"3344000562":{"name":"bounties_pvp.bounty26","scope":2,"repeatLastStep":false,"steps":[5],"visible":true,"index":0},"3344000563":{"name":"bounties_pvp.bounty27","scope":2,"repeatLastStep":false,"steps":[5],"visible":true,"index":0},"3344000564":{"name":"bounties_pvp.bounty20","scope":2,"repeatLastStep":false,"steps":[1],"visible":true,"index":0},"3344000565":{"name":"bounties_pvp.bounty21","scope":2,"repeatLastStep":false,"steps":[15],"visible":true,"index":0},"3344000566":{"name":"bounties_pvp.bounty22","scope":2,"repeatLastStep":false,"steps":[15],"visible":true,"index":0},"3344000567":{"name":"bounties_pvp.bounty23","scope":2,"repeatLastStep":false,"steps":[15],"visible":true,"index":0},"3394333316":{"name":"bounties_pvp.bounty19","scope":2,"repeatLastStep":false,"steps":[5],"visible":true,"index":0},"3394333317":{"name":"bounties_pvp.bounty18","scope":2,"repeatLastStep":false,"steps":[5],"visible":true,"index":0},"3394333320":{"name":"bounties_pvp.bounty15","scope":2,"repeatLastStep":false,"steps":[5],"visible":true,"index":0},"3394333321":{"name":"bounties_pvp.bounty14","scope":2,"repeatLastStep":false,"steps":[15],"visible":true,"index":0},"3394333322":{"name":"bounties_pvp.bounty17","scope":2,"repeatLastStep":false,"steps":[5],"visible":true,"index":0},"3394333323":{"name":"bounties_pvp.bounty16","scope":2,"repeatLastStep":false,"steps":[5],"visible":true,"index":0},"3394333324":{"name":"bounties_pvp.bounty11","scope":2,"repeatLastStep":false,"steps":[15],"visible":true,"index":0},"3394333325":{"name":"bounties_pvp.bounty10","scope":2,"repeatLastStep":false,"steps":[15],"visible":true,"index":0},"3394333326":{"name":"bounties_pvp.bounty13","scope":2,"repeatLastStep":false,"steps":[50],"visible":true,"index":0},"3394333327":{"name":"bounties_pvp.bounty12","scope":2,"repeatLastStep":false,"steps":[20],"visible":true,"index":0},"3450306608":{"name":"bounties_iron_banner.bounty7","scope":2,"repeatLastStep":false,"steps":[20],"visible":true,"index":0},"3450306609":{"name":"bounties_iron_banner.bounty6","scope":2,"repeatLastStep":false,"steps":[1],"visible":true,"index":0},"3450306610":{"name":"bounties_iron_banner.bounty5","scope":2,"repeatLastStep":false,"steps":[15],"visible":true,"index":0},"3450306611":{"name":"bounties_iron_banner.bounty4","scope":2,"repeatLastStep":false,"steps":[10],"visible":true,"index":0},"3450306612":{"name":"bounties_iron_banner.bounty3","scope":2,"repeatLastStep":false,"steps":[10],"visible":true,"index":0},"3450306613":{"name":"bounties_iron_banner.bounty2","scope":2,"repeatLastStep":false,"steps":[10000],"visible":true,"index":0},"3450306614":{"name":"bounties_iron_banner.bounty1","scope":2,"repeatLastStep":false,"steps":[5],"visible":true,"index":0},"3450306615":{"name":"bounties_iron_banner.bounty0","scope":2,"repeatLastStep":false,"steps":[3],"visible":true,"index":0},"3450306622":{"name":"bounties_iron_banner.bounty9","scope":2,"repeatLastStep":false,"steps":[15],"visible":true,"index":0},"3450306623":{"name":"bounties_iron_banner.bounty8","scope":2,"repeatLastStep":false,"steps":[5],"visible":true,"index":0},"3457215711":{"name":"build_hunter_arc0","scope":2,"repeatLastStep":false,"steps":[0,900,4100,5000,6000,7000,8000,9000,9000,9000,9000,9000,9000,9000,9000,9000,15000,18000,21000,24000,30000,45000,45000,45000,45000,45000,45000,45000],"visible":true,"index":0},"3467485450":{"name":"pvp_tournament0.losses","scope":1,"repeatLastStep":false,"steps":[1,1,1,1],"visible":true,"index":0},"3504528185":{"name":"weapon_rare_sniper_rifle","scope":2,"repeatLastStep":true,"icon":"/common/destiny_content/icons/5d05515c4d59a7109ce22e0364259e87.png","steps":[0,1904,2285],"visible":true,"index":0},"3577445804":{"name":"r1_s2_bounties_eris_raid.thrall_step1","scope":2,"repeatLastStep":false,"steps":[5],"visible":true,"index":0},"3577445805":{"name":"r1_s2_bounties_eris_raid.thrall_step0","scope":2,"repeatLastStep":false,"steps":[25],"visible":true,"index":0},"3605101483":{"name":"weapon_superior_fusion_rifle","scope":2,"repeatLastStep":true,"icon":"/common/destiny_content/icons/5bec10f717489be5195586f1624f61fd.png","steps":[0,1999,2399],"visible":true,"index":0},"3640015343":{"name":"weapon_common_scout_rifle","scope":2,"repeatLastStep":true,"icon":"/common/destiny_content/icons/35b74a95b4fc6ff1ed615f8d709b3f8f.png","steps":[0,1700,2040],"visible":true,"index":0},"3641985238":{"name":"r1_s3_factions_fallen","scope":1,"repeatLastStep":true,"icon":"/common/destiny_content/icons/7ff065ffa9fab41ff330639bc3235e54.png","steps":[1000,3000,3000],"visible":true,"index":0,"label":"House of Judgment","color":"#5AAC77","scale":".5","order":9},"3648162853":{"name":"weapon_common_rocket_launcher","scope":2,"repeatLastStep":true,"icon":"/common/destiny_content/icons/6e1b9b291e0860f713a88e24a6411c85.png","steps":[0,510,612],"visible":true,"index":0},"3690905086":{"name":"weapon_common_pulse_rifle","scope":2,"repeatLastStep":true,"icon":"/common/destiny_content/icons/8b0bfb473d0bc41dbf26d5c84bfcdc8e.png","steps":[0,1700,2040],"visible":true,"index":0},"3726462473":{"name":"weapon_common_fusion_rifle","scope":2,"repeatLastStep":true,"icon":"/common/destiny_content/icons/5bec10f717489be5195586f1624f61fd.png","steps":[0,952,1142],"visible":true,"index":0},"3801959103":{"name":"build_titan_void0","scope":2,"repeatLastStep":false,"steps":[0,900,4100,5000,6000,7000,8000,9000,9000,9000,9000,9000,9000,9000,9000,9000,15000,18000,21000,24000,30000,45000,45000,45000,45000,45000,45000,45000],"visible":true,"index":0},"3813964388":{"name":"actual_level_character","scope":3,"repeatLastStep":false,"steps":[0,0,0,0,0,0,0,0,0,0,0,0,0,0,0,0,0,0,0,0,0,0,0,0,0,0,0,0,0,0,0,0,0,0,0,0,0,0,0,0,0],"visible":true,"index":0},"3840129156":{"name":"weapon_common_sniper_rifle","scope":2,"repeatLastStep":true,"icon":"/common/destiny_content/icons/5d05515c4d59a7109ce22e0364259e87.png","steps":[0,952,1142],"visible":true,"index":0},"3871980777":{"name":"faction_pvp_new_monarchy","scope":1,"repeatLastStep":true,"icon":"/common/destiny_content/icons/228bd59ae0d561208a0b0c0d678c11b6.png","identifier":"PROGRESSION_NEW_MONARCHY","steps":[1500,2000,2500,2500,2500,2500,2500,2500,2500,2500,2500,2500,2500,2500,2500,2500,2500,2500,2500,2500,2500,2500,2500,2500,2500],"visible":true,"index":0,"label":"New Monarchy","color":"#862529","scale":".5","order":5},"3909966884":{"name":"bounties_queen.bounty11","scope":2,"repeatLastStep":false,"steps":[3],"visible":true,"index":0},"3909966885":{"name":"bounties_queen.bounty10","scope":2,"repeatLastStep":false,"steps":[1],"visible":true,"index":0},"4089177400":{"name":"weapon_rare_fusion_rifle","scope":2,"repeatLastStep":true,"icon":"/common/destiny_content/icons/5bec10f717489be5195586f1624f61fd.png","steps":[0,1904,2285],"visible":true,"index":0},"4105098546":{"name":"bounties_iron_banner.bounty10","scope":2,"repeatLastStep":false,"steps":[3],"visible":true,"index":0},"4105098547":{"name":"bounties_iron_banner.bounty11","scope":2,"repeatLastStep":false,"steps":[5],"visible":true,"index":0},"4106427035":{"name":"death_penalty","scope":1,"repeatLastStep":false,"steps":[0],"visible":true,"index":0},"4231690432":{"name":"weapon_superior_pulse_rifle","scope":2,"repeatLastStep":true,"icon":"/common/destiny_content/icons/8b0bfb473d0bc41dbf26d5c84bfcdc8e.png","steps":[0,3570,4284],"visible":true,"index":0}}